{"white": 0.009523809523809525, "woman": 0.0026246719160104987, "summer": 0.0015552099533437014, "shirt": 0.0015873015873015873, "short sleeve": 0.0016722408026755853, "red": 0.011627906976744186, "black": 0.005235602094240838, "man": 0.003048780487804878, "floral": 0.037037037037037035, "green": 0.05263157894736842, "strip": 0.02040816326530612, "gray": 0.015625, "checker": 0.043478260869565216, "spring": 0.02857142857142857, "long sleeve": 0.01694915254237288, "pink": 0.058823529411764705, "navy": 0.014925373134328358, "blue": 0.0196078431372549, "orange": 0.02564102564102564, "brown": 0.047619047619047616, "pant": 0.0196078431372549, "dot": 0.07692307692307693, "beige": 0.2, "autumn": 0.05263157894736842, "winter": 0.1, "parka": 0.5, "purple": 1.0, "jacket": 0.25, "vest": 0.09090909090909091, "mixed color": 0.14285714285714285, "yellow": 0.14285714285714285, "stand": 1.0, "custom pattern": 0.05, "jumper": 0.5, "short": 0.2, "coat": 1.0}